Descrição dos alimentos;Energia..kcal.;Proteína..g.;Carboidrato..g.;Lipídeos..g.;Fibra.Alimentar..g.
Arroz, integral, cozido;124;2.6;25.8;1;2.7
Arroz, integral, cru;360;7.3;77.5;1.9;4.8
Arroz, tipo 1, cozido;128;2.5;28.1;0.2;1.6
Arroz, tipo 1, cru;358;7.2;78.8;0.3;1.6
Arroz, tipo 2, cozido;130;2.6;28.2;0.4;1.1
Arroz, tipo 2, cru;358;7.2;78.9;0.3;1.7
Aveia, flocos, crua;394;13.9;66.6;8.5;9.1
Biscoito, doce, maisena;443;8.1;75.2;12;2.1
Biscoito, doce, recheado com chocolate;472;6.4;70.5;19.6;3
Biscoito, doce, recheado com morango;471;5.7;71;19.6;1.5
Biscoito, doce, wafer, recheado de chocolate;502;5.6;67.5;24.7;1.8
Biscoito, doce, wafer, recheado de morango;513;4.5;67.4;26.4;0.8
Biscoito, salgado, cream cracker;432;10.1;68.7;14.4;2.5
Bolo, mistura para;419;6.2;84.7;6.1;1.7
Bolo, pronto, aipim;324;4.4;47.9;12.7;0.7
Bolo, pronto, chocolate;410;6.2;54.7;18.5;1.4
Bolo, pronto, coco;333;5.7;52.3;11.3;1.1
Bolo, pronto, milho;311;4.8;45.1;12.4;0.7
Canjica, branca, crua;358;7.2;78.1;1;5.5
Canjica, com leite integral;112;2.4;23.6;1.2;1.2
Cereais, milho, flocos, com sal;370;7.3;80.8;1.6;5.3
Cereais, milho, flocos, sem sal;363;6.9;80.4;1.2;1.8
Cereais, mingau, milho, infantil;394;6.4;87.3;1.1;3.2
Cereais, mistura para vitamina, trigo, cevada e aveia;381;8.9;81.6;2.1;5
Cereal matinal, milho;365;7.2;83.8;1;4.1
Cereal matinal, milho, açúcar;377;4.7;88.8;0.7;2.1
Creme de arroz, pó;386;7;83.9;1.2;1.1
Creme de milho, pó;333;4.8;86.1;1.6;3.7
Curau, milho verde;78;2.4;13.9;1.6;0.5
Curau, milho verde, mistura para;402;2.2;79.8;13.4;2.5
Farinha, de arroz, enriquecida;363;1.3;85.5;0.3;0.6
Farinha, de centeio, integral;336;12.5;73.3;1.8;15.5
Farinha, de milho, amarela;351;7.2;79.1;1.5;5.5
Farinha, de rosca;371;11.4;75.8;1.5;4.8
Farinha, de trigo;360;9.8;75.1;1.4;2.3
Farinha, láctea, de cereais;415;11.9;77.8;5.8;1.9
Lasanha, massa fresca, cozida;164;5.8;32.5;1.2;1.6
Lasanha, massa fresca, crua;220;7;45.1;1.3;1.6
Macarrão, instantâneo;436;8.8;62.4;17.2;5.6
Macarrão, trigo, cru;371;10;77.9;1.3;2.9
Macarrão, trigo, cru, com ovos;371;10.3;76.6;2;2.3
Milho, amido, cru;361;0.6;87.1;1E-05;0.7
Milho, fubá, cru;353;7.2;78.9;1.9;4.7
Milho, verde, cru;138;6.6;28.6;0.6;3.9
Milho, verde, enlatado, drenado;98;3.2;17.1;2.4;4.6
Mingau tradicional, pó;373;0.6;89.3;0.4;0.9
Pamonha, barra para cozimento, pré-cozida;171;2.6;30.7;4.8;2.4
Pão, aveia, forma;343;12.4;59.6;5.7;6
Pão, de soja;309;11.3;56.5;3.6;5.7
Pão, glúten, forma;253;12;44.1;2.7;2.5
Pão, milho, forma;292;8.3;56.4;3.1;4.3
Pão, trigo, forma, integral;253;9.4;49.9;3.7;6.9
Pão, trigo, francês;300;8;58.6;3.1;2.3
Pão, trigo, sovado;311;8.4;61.5;2.8;2.4
Pastel, de carne, cru;289;10.7;42;8.8;1
Pastel, de carne, frito;388;10.1;43.8;20.1;1
Pastel, de queijo, cru;308;9.9;45.9;9.6;1.1
Pastel, de queijo, frito;422;8.7;48.1;22.7;0.9
Pastel, massa, crua;310;6.9;57.4;5.5;1.4
Pastel, massa, frita;570;6;49.3;40.9;1.3
Pipoca, com óleo de soja, sem sal;448;9.9;70.3;15.9;14.3
Polenta, pré-cozida;103;2.3;23.3;0.3;2.4
Torrada, pão francês;377;10.5;74.6;3.3;3.4
Abóbora, cabotian, cozida;48;1.4;10.8;0.7;2.5
Abóbora, cabotian, crua;39;1.7;8.4;0.5;2.2
Abóbora, menina brasileira, crua;14;0.6;3.3;1E-05;1.2
Abóbora, moranga, crua;12;1;2.7;0.1;1.7
Abóbora, moranga, refogada;29;0.4;6;0.8;1.5
Abóbora, pescoço, crua;24;0.7;6.1;0.1;2.3
Abobrinha, italiana, cozida;15;1.1;3;0.2;1.6
Abobrinha, italiana, crua;19;1.1;4.3;0.1;1.4
Abobrinha, italiana, refogada;24;1.1;4.2;0.8;1.4
Abobrinha, paulista, crua;31;0.6;7.9;0.1;2.6
Acelga, crua;21;1.4;4.6;0.1;1.1
Agrião, cru;17;2.7;2.3;0.2;2.1
Aipo, cru;19;0.8;4.3;0.1;1
Alface, americana, crua;9;0.6;1.7;0.1;1
Alface, crespa, crua;11;1.3;1.7;0.2;1.8
Alface, lisa, crua;14;1.7;2.4;0.1;2.3
Alface, roxa, crua;13;0.9;2.5;0.2;2
Alfavaca, crua;29;2.7;5.2;0.5;4.1
Alho, cru;113;7;23.9;0.2;4.3
Alho-poró, cru;32;1.4;6.9;0.1;2.5
Almeirão, cru;18;1.8;3.3;0.2;2.6
Almeirão, refogado;65;1.7;5.7;4.8;3.4
Batata, baroa, cozida;80;0.9;18.9;0.2;1.8
Batata, baroa, crua;101;1;24;0.2;2.1
Batata, doce, cozida;77;0.6;18.4;0.1;2.2
Batata, doce, crua;118;1.3;28.2;0.1;2.6
Batata, frita, tipo chips, industrializada;543;5.6;51.2;36.6;2.5
Batata, inglesa, cozida;52;1.2;11.9;1E-05;1.3
Batata, inglesa, crua;64;1.8;14.7;1E-05;1.2
Batata, inglesa, frita;267;5;35.6;13.1;8.1
Batata, inglesa, sauté;68;1.3;14.1;0.9;1.4
Berinjela, cozida;19;0.7;4.5;0.1;2.5
Berinjela, crua;20;1.2;4.4;0.1;2.9
Beterraba, cozida;32;1.3;7.2;0.1;1.9
Beterraba, crua;49;1.9;11.1;0.1;3.4
Biscoito, polvilho doce;438;1.3;80.5;12.2;1.2
Brócolis, cozido;25;2.1;4.4;0.5;3.4
Brócolis, cru;25;3.6;4;0.3;2.9
Cará, cozido;78;1.5;18.9;0.1;2.6
Cará, cru;96;2.3;23;0.1;7.3
Caruru, cru;34;3.2;6;0.6;4.5
Catalonha, crua;24;1.9;4.8;0.3;2
Catalonha, refogada;63;2;4.8;4.8;3.7
Cebola, crua;39;1.7;8.9;0.1;2.2
Cebolinha, crua;20;1.9;3.4;0.4;3.6
Cenoura, cozida;30;0.8;6.7;0.2;2.6
Cenoura, crua;34;1.3;7.7;0.2;3.2
Chicória, crua;14;1.1;2.9;0.1;2.2
Chuchu, cozido;19;0.4;4.8;1E-05;1
Chuchu, cru;17;0.7;4.1;0.1;1.3
Coentro, folhas desidratadas;309;20.9;48;10.4;37.3
Couve, manteiga, crua;27;2.9;4.3;0.5;3.1
Couve, manteiga, refogada;90;1.7;8.7;6.6;5.7
Couve-flor, crua;23;1.9;4.5;0.2;2.4
Couve-flor, cozida;19;1.2;3.9;0.3;2.1
Espinafre, Nova Zelândia, cru;16;2;2.6;0.2;2.1
Espinafre, Nova Zelândia, refogado;67;2.7;4.2;5.4;2.5
Farinha, de mandioca, crua;361;1.6;87.9;0.3;6.4
Farinha, de mandioca, torrada;365;1.2;89.2;0.3;6.5
Farinha, de puba;360;1.6;87.3;0.5;4.2
Fécula, de mandioca;331;0.5;81.1;0.3;0.6
Feijão, broto, cru;39;4.2;7.8;0.1;2
Inhame, cru;97;2.1;23.2;0.2;1.7
Jiló, cru;27;1.4;6.2;0.2;4.8
Jurubeba, crua;126;4.4;23.1;3.9;23.9
Mandioca, cozida;125;0.6;30.1;0.3;1.6
Mandioca, crua;151;1.1;36.2;0.3;1.9
Mandioca, farofa, temperada;406;2.1;80.3;9.1;7.8
Mandioca, frita;300;1.4;50.3;11.2;1.9
Manjericão, cru;21;2;3.6;0.4;3.3
Maxixe, cru;14;1.4;2.7;0.1;2.2
Mostarda, folha, crua;18;2.1;3.2;0.2;1.9
Nhoque, batata, cozido;181;5.9;36.8;1.9;1.8
Nabo, cru;18;1.2;4.1;0.1;2.6
Palmito, juçara, em conserva;23;1.8;4.3;0.4;3.2
Palmito, pupunha, em conserva;29;2.5;5.5;0.5;2.6
Pão, de queijo, assado;363;5.1;34.2;24.6;0.6
Pão, de queijo, cru;295;3.6;38.5;14;1
Pepino, cru;10;0.9;2;1E-05;1.1
Pimentão, amarelo, cru;28;1.2;6;0.4;1.9
Pimentão, verde, cru;21;1.1;4.9;0.2;2.6
Pimentão, vermelho, cru;23;1;5.5;0.1;1.6
Polvilho, doce;351;0.4;86.8;1E-05;0.2
Quiabo, cru;30;1.9;6.4;0.3;4.6
Rabanete, cru;14;1.4;2.7;0.1;2.2
Repolho, branco, cru;17;0.9;3.9;0.1;1.9
Repolho, roxo, cru;31;1.9;7.2;0.1;2
Repolho, roxo, refogado;42;1.8;7.6;1.2;1.8
Rúcula, crua;13;1.8;2.2;0.1;1.7
Salsa, crua;33;3.3;5.7;0.6;1.9
Seleta de legumes, enlatada;57;3.4;12.7;0.4;3.1
Serralha, crua;30;2.7;4.9;0.7;3.5
Taioba, crua;34;2.9;5.4;0.9;4.5
Tomate, com semente, cru;15;1.1;3.1;0.2;1.2
Tomate, extrato;61;2.4;15;0.2;2.8
Tomate, molho industrializado;38;1.4;7.7;0.9;3.1
Tomate, purê;28;1.4;6.9;1E-05;1
Tomate, salada;21;0.8;5.1;1E-05;2.3
Vagem, crua;25;1.8;5.3;0.2;2.4
Abacate, cru;96;1.2;6;8.4;6.3
Abacaxi, cru;48;0.9;12.3;0.1;1
Abacaxi, polpa, congelada;31;0.5;7.8;0.1;0.3
Abiu, cru;62;0.8;14.9;0.7;1.7
Açaí, polpa, com xarope de guaraná e glucose;110;0.7;21.5;3.7;1.7
Açaí, polpa, congelada;58;0.8;6.2;3.9;2.6
Acerola, crua;33;0.9;8;0.2;1.5
Acerola, polpa, congelada;22;0.6;5.5;1E-05;0.7
Ameixa, calda, enlatada;183;0.4;46.9;1E-05;0.5
Ameixa, crua;53;0.8;13.9;1E-05;2.4
Ameixa, em calda, enlatada, drenada;177;1;47.7;0.3;4.5
Atemóia, crua;97;1;25.3;0.3;2.1
Banana, da terra, crua;128;1.4;33.7;0.2;1.5
Banana, doce em barra;280;2.2;75.7;0.1;3.8
Banana, figo, crua;105;1.1;27.8;0.1;2.8
Banana, maçã, crua;87;1.8;22.3;0.1;2.6
Banana, nanica, crua;92;1.4;23.8;0.1;1.9
Banana, ouro, crua;112;1.5;29.3;0.2;2
Banana, pacova, crua;78;1.2;20.3;0.1;2
Banana, prata, crua;98;1.3;26;0.1;2
Cacau, cru;74;1;19.4;0.1;2.2
Cajá-Manga, cru;46;1.3;11.4;1E-05;2.6
Cajá, polpa, congelada;26;0.6;6.4;0.2;1.4
Caju, cru;43;1;10.3;0.3;1.7
Caju, polpa, congelada;37;0.5;9.4;0.2;0.8
Caju, suco concentrado, envasado;45;0.4;10.7;0.2;0.6
Caqui, chocolate, cru;71;0.4;19.3;0.1;6.5
Carambola, crua;46;0.9;11.5;0.2;2
Ciriguela, crua;76;1.4;18.9;0.4;3.9
Cupuaçu, cru;49;1.2;10.4;1;3.1
Cupuaçu, polpa, congelada;49;0.8;11.4;0.6;1.6
Figo, cru;41;1;10.2;0.2;1.8
Figo, enlatado, em calda;184;0.6;50.3;0.2;2
Fruta-pão, crua;67;1.1;17.2;0.2;5.5
Goiaba, branca, com casca, crua;52;0.9;12.4;0.5;6.3
Goiaba, doce em pasta;269;0.6;74.1;0;3.7
Goiaba, doce, cascão;286;0.4;78.7;0.1;4.4
Goiaba, vermelha, com casca, crua;54;1.1;13;0.4;6.2
Graviola, crua;62;0.8;15.8;0.2;1.9
Graviola, polpa, congelada;38;0.6;9.8;0.1;1.2
Jabuticaba, crua;58;0.6;15.3;0.1;2.3
Jaca, crua;88;1.4;22.5;0.3;2.4
Jambo, cru;27;0.9;6.5;0.1;5.1
Jamelão, cru;41;0.5;10.6;0.1;1.8
Kiwi, cru;51;1.3;11.5;0.6;2.7
Laranja, baía, crua;45;1;11.5;0.1;1.1
Laranja, baía, suco;37;0.7;8.7;1E-05;1E-05
Laranja, da terra, crua;51;1.1;12.9;0.2;4
Laranja, da terra, suco;41;0.7;9.6;0.1;1
Laranja, lima, crua;46;1.1;11.5;0.1;1.8
Laranja, lima, suco;39;0.7;9.2;0.1;0.4
Laranja, pêra, crua;37;1;8.9;0.1;0.8
Laranja, pêra, suco;33;0.7;7.6;0.1;1E-05
Laranja, valência, crua;46;0.8;11.7;0.2;1.7
Laranja, valência, suco;36;0.5;8.6;0.1;0.4
Limão, cravo, suco;14;0.3;5.2;1E-05;1E-05
Limão, galego, suco;22;0.6;7.3;0.1;1E-05
Limão, tahiti, cru;32;0.9;11.1;0.1;1.2
Maçã, Argentina, com casca, crua;63;0.2;16.6;0.2;2
Maçã, Fuji, com casca, crua;56;0.3;15.2;1E-05;1.3
Macaúba, crua;404;2.1;13.9;40.7;13.4
Mamão, doce em calda, drenado;196;0.2;54;0.1;1.3
Mamão, Formosa, cru;45;0.8;11.6;0.1;1.8
Mamão, Papaia, cru;40;0.5;10.4;0.1;1
Mamão verde, doce em calda, drenado;209;0.3;57.6;0.1;1.2
Manga, Haden, crua;64;0.4;16.7;0.3;1.6
Manga, Palmer, crua;72;0.4;19.4;0.2;1.6
Manga, polpa, congelada;48;0.4;12.5;0.2;1.1
Manga, Tommy Atkins, crua;51;0.9;12.8;0.2;2.1
Maracujá, cru;68;2;12.3;2.1;1.1
Maracujá, polpa, congelada;39;0.8;9.6;0.2;0.5
Maracujá, suco concentrado, envasado;42;0.8;9.6;0.2;0.4
Melancia, crua;33;0.9;8.1;1E-05;0.1
Melão, cru;29;0.7;7.5;1E-05;0.3
Mexerica, Murcote, crua;58;0.9;14.9;0.1;3.1
Mexerica, Rio, crua;37;0.7;9.3;0.1;2.7
Morango, cru;30;0.9;6.8;0.3;1.7
Nêspera, crua;43;0.3;11.5;1E-05;3
Pequi, cru;205;2.3;13;18;19
Pêra, Park, crua;61;0.2;16.1;0.2;3
Pêra, Williams, crua;53;0.6;14;0.1;3
Pêssego, Aurora, cru;36;0.8;9.3;1E-05;1.4
Pêssego, enlatado, em calda;63;0.7;16.9;1E-05;1
Pinha, crua;88;1.5;22.4;0.3;3.4
Pitanga, crua;41;0.9;10.2;0.2;3.2
Pitanga, polpa, congelada;19;0.3;4.8;0.1;0.7
Romã, crua;56;0.4;15.1;1E-05;0.4
Tamarindo, cru;276;3.2;72.5;0.5;6.4
Tangerina, Poncã, crua;38;0.8;9.6;0.1;0.9
Tangerina, Poncã, suco;36;0.5;8.8;1E-05;1E-05
Tucumã, cru;262;2.1;26.5;19.1;12.7
Umbu, cru;37;0.8;9.4;1E-05;2
Umbu, polpa, congelada;34;0.5;8.8;0.1;1.3
Uva, Itália, crua;53;0.7;13.6;0.2;0.9
Uva, Rubi, crua;49;0.6;12.7;0.2;0.9
Uva, suco concentrado, envasado;58;1E-05;14.7;1E-05;0.2
Azeite, de dendê;884;NA;NA;100;NA
Azeite, de oliva, extra virgem;884;NA;NA;100;NA
Manteiga, com sal;726;0.4;0.1;82.4;NA
Manteiga, sem sal;758;0.4;0;86;NA
Margarina, com óleo hidrogenado, com sal (65% de lipídeos);596;1E-05;0;67.4;NA
Margarina, com óleo hidrogenado, sem sal (80% de lipídeos);723;1E-05;0;81.7;NA
Margarina, com óleo interesterificado, com sal (65%de lipídeos);594;1E-05;0;67.2;NA
Margarina, com óleo interesterificado, sem sal (65% de lipídeos);593;1E-05;0;67.1;NA
Óleo, de babaçu;884;NA;NA;100;NA
Óleo, de canola;884;NA;NA;100;NA
Óleo, de girassol;884;NA;NA;100;NA
Óleo, de milho;884;NA;NA;100;NA
Óleo, de pequi;884;NA;NA;100;NA
Óleo, de soja;884;NA;NA;100;NA
Abadejo, filé, congelado, assado;112;23.5;0;1.2;NA
Abadejo, filé, congelado,cozido;91;19.3;0;0.9;NA
Abadejo, filé, congelado, cru;59;13.1;0;0.4;NA
Abadejo, filé, congelado, grelhado;130;27.6;0;1.3;NA
Atum, conserva em óleo;166;26.2;0;6;NA
Atum, fresco, cru;118;25.7;0;0.9;NA
Bacalhau, salgado, cru;136;29;0;1.3;NA
Bacalhau, salgado, refogado;140;24;1.2;3.6;NA
Cação, posta, com farinha de trigo, frita;208;25;3.1;10;0.5
Cação, posta, cozida;116;25.6;0;0.7;NA
Cação, posta, crua;83;17.9;0;0.8;NA
Camarão, Rio Grande, grande, cozido;90;19;0;1;NA
Camarão, Rio Grande, grande, cru;47;10;0;0.5;NA
Camarão, Sete Barbas, sem cabeça, com casca, frito;231;18.4;2.9;15.6;NA
Caranguejo, cozido;83;18.5;0;0.4;NA
Corimba, cru;128;17.4;0;6;NA
Corimbatá, assado;261;19.9;0;19.6;NA
Corimbatá, cozido;239;20.1;0;16.9;NA
Corvina de água doce, crua;101;18.9;0;2.2;NA
Corvina do mar, crua;94;18.6;0;1.6;NA
Corvina grande, assada;147;26.8;0;3.6;NA
Corvina grande, cozida;100;23.4;0;2.6;NA
Dourada de água doce, fresca;131;18.8;0;5.6;NA
Lambari, congelado, cru;131;16.8;0;6.5;NA
Lambari, congelado, frito;327;28.4;0;22.8;NA
Lambari, fresco, cru;152;15.7;0;9.4;NA
Manjuba, com farinha de trigo, frita;344;23.5;10.2;22.6;0.4
Manjuba, frita;349;30.1;0;24.5;NA
Merluza, filé, assado;122;26.6;0;0.9;NA
Merluza, filé, cru;89;16.6;0;2;NA
Merluza, filé, frito;192;26.9;0;8.5;NA
Pescada, branca, crua;111;16.3;0;4.6;NA
Pescada, branca, frita;223;27.4;0;11.8;NA
Pescada, filé, com farinha de trigo, frito;283;21.4;5;19.1;1E-05
Pescada, filé, cru;107;16.7;0;4;NA
Pescada, filé, frito;154;28.6;0;3.6;NA
Pescada, filé, molho escabeche;142;11.8;5;8;0.8
Pescadinha, crua;76;15.5;0;1.1;NA
Pintado, assado;192;36.5;0;4;NA
Pintado, cru;91;18.6;0;1.3;NA
Pintado, grelhado;152;30.8;0;2.3;NA
Porquinho, cru;93;20.5;0;0.6;NA
Salmão, filé, com pele, fresco,  grelhado;229;23.9;0;14;NA
Salmão, sem pele, fresco, cru;170;19.3;0;9.7;NA
Salmão, sem pele, fresco, grelhado;243;26.1;0;14.5;NA
Sardinha, assada;164;32.2;0;3;NA
Sardinha, conserva em óleo;285;15.9;0;24;NA
Sardinha, frita;257;33.4;0;12.7;NA
Sardinha, inteira, crua;114;21.1;0;2.7;NA
Tucunaré, filé, congelado, cru;88;18;0;1.2;NA
Apresuntado;129;13.5;2.9;6.7;NA
Caldo de carne, tablete;241;7.8;15.1;16.6;0.6
Caldo de galinha, tablete;251;6.3;10.6;20.4;11.8
Carne, bovina, acém, moído, cozido;212;26.7;0;10.9;NA
Carne, bovina, acém, moído, cru;137;19.4;0;5.9;NA
Carne, bovina, acém, sem gordura, cozido;215;27.3;0;10.9;NA
Carne, bovina, acém, sem gordura, cru;144;20.8;0;6.1;NA
Carne, bovina, almôndegas, cruas;189;12.3;9.8;11.2;NA
Carne, bovina, almôndegas, fritas;272;18.2;14.3;15.8;NA
Carne, bovina, bucho, cozido;133;21.6;0;4.5;NA
Carne, bovina, bucho, cru;137;20.5;0;5.5;NA
Carne, bovina, capa de contra-filé, com gordura, crua;217;19.2;0;15;NA
Carne, bovina, capa de contra-filé, com gordura, grelhada;312;30.7;0;20;NA
Carne, bovina, capa de contra-filé, sem gordura, crua;131;21.5;0;4.3;NA
Carne, bovina, capa de contra-filé, sem gordura, grelhada;239;35.1;0;10;NA
Carne, bovina, charque, cozido;263;36.4;0;11.9;NA
Carne, bovina, charque, cru;249;22.7;0;16.8;NA
Carne, bovina, contra-filé, à milanesa;352;20.6;12.2;24;0.4
Carne, bovina, contra-filé de costela, cru;202;19.8;0;13.1;NA
Carne, bovina, contra-filé de costela, grelhado;275;29.9;0;16.3;NA
Carne, bovina, contra-filé, com gordura, cru;206;21.2;0;12.8;NA
Carne, bovina, contra-filé, com gordura, grelhado;278;32.4;0;15.5;NA
Carne, bovina, contra-filé, sem gordura, cru;157;24;0;6;NA
Carne, bovina, contra-filé, sem gordura, grelhado;194;35.9;0;4.5;NA
Carne, bovina, costela, assada;373;28.8;0;27.7;NA
Carne, bovina, costela, crua;358;16.7;0;31.8;NA
Carne, bovina, coxão duro, sem gordura, cozido;217;31.9;0;8.9;NA
Carne, bovina, coxão duro, sem gordura, cru;148;21.5;0;6.2;NA
Carne, bovina, coxão mole, sem gordura, cozido;219;32.4;0;8.9;NA
Carne, bovina, coxão mole, sem gordura, cru;169;21.2;0;8.7;NA
Carne, bovina, cupim, assado;330;28.6;0;23;NA
Carne, bovina, cupim, cru;221;19.5;0;15.3;NA
Carne, bovina, fígado, cru;141;20.7;1.1;5.4;NA
Carne, bovina, fígado, grelhado;225;29.9;4.2;9;NA
Carne, bovina, filé mingnon, sem gordura, cru;143;21.6;0;5.6;NA
Carne, bovina, filé mingnon, sem gordura, grelhado;220;32.8;0;8.8;NA
Carne, bovina, flanco, sem gordura, cozido;196;29.4;0;7.8;NA
Carne, bovina, flanco, sem gordura, cru;141;20;0;6.2;NA
Carne, bovina, fraldinha, com gordura, cozida;338;24.2;0;26;NA
Carne, bovina, fraldinha, com gordura, crua;221;17.6;0;16.1;NA
Carne, bovina, lagarto, cozido;222;32.9;0;9.1;NA
Carne, bovina, lagarto, cru;135;20.5;0;5.2;NA
Carne, bovina, língua, cozida;315;21.4;0;24.8;NA
Carne, bovina, língua, crua;215;17.1;0;15.8;NA
Carne, bovina, maminha, crua;153;20.9;0;7;NA
Carne, bovina, maminha, grelhada;153;30.7;0;2.4;NA
Carne, bovina, miolo de alcatra, sem gordura, cru;163;21.6;0;7.8;NA
Carne, bovina, miolo de alcatra, sem gordura, grelhado;241;31.9;0;11.6;NA
Carne, bovina, músculo, sem gordura, cozido;194;31.2;0;6.7;NA
Carne, bovina, músculo, sem gordura, cru;142;21.6;0;5.5;NA
Carne, bovina, paleta, com gordura, crua;159;21.4;0;7.5;NA
Carne, bovina, paleta, sem gordura, cozida;194;29.7;0;7.4;NA
Carne, bovina, paleta, sem gordura, crua;141;21;0;5.7;NA
Carne, bovina, patinho, sem gordura, cru;133;21.7;0;4.5;NA
Carne, bovina, patinho, sem gordura, grelhado;219;35.9;0;7.3;NA
Carne, bovina, peito, sem gordura, cozido;338;22.2;0;27;NA
Carne, bovina, peito, sem gordura, cru;259;17.6;0;20.4;NA
Carne, bovina, picanha, com gordura, crua;213;18.8;0;14.7;NA
Carne, bovina, picanha, com gordura, grelhada;289;26.4;0;19.5;NA
Carne, bovina, picanha, sem gordura, crua;134;21.3;0;4.7;NA
Carne, bovina, picanha, sem gordura, grelhada;238;31.9;0;11.3;NA
Carne, bovina, seca, cozida;313;26.9;0;21.9;NA
Carne, bovina, seca, crua;313;19.7;0;25.4;NA
Coxinha de frango, frita;283;9.6;34.5;11.8;5
Croquete, de carne, cru;246;12;13.9;15.6;NA
Croquete, de carne, frito;347;16.9;18.1;22.7;NA
Empada de frango, pré-cozida, assada;358;6.9;47.5;15.6;2.2
Empada, de frango, pré-cozida;377;7.3;35.5;22.9;2.2
Frango, asa, com pele, crua;213;18.1;0;15.1;NA
Frango, caipira, inteiro, com pele, cozido;243;23.9;0;15.6;NA
Frango, caipira, inteiro, sem pele, cozido;196;29.6;0;7.7;NA
Frango, coração, cru;222;12.6;0;18.6;NA
Frango, coração, grelhado;207;22.4;0.6;12.1;NA
Frango, coxa, com pele, assada;215;28.5;0.1;10.4;NA
Frango, coxa, com pele, crua;161;17.1;0;9.8;NA
Frango, coxa, sem pele, cozida;167;26.9;0;5.8;NA
Frango, coxa, sem pele, crua;120;17.8;0;4.9;NA
Frango, fígado, cru;106;17.6;0;3.5;NA
Frango, filé, à milanesa;221;28.5;7.5;7.8;1.1
Frango, inteiro, com pele, cru;226;16.4;0;17.3;NA
Frango, inteiro, sem pele, assado;187;28;0;7.5;NA
Frango, inteiro, sem pele, cozido;170;25;0;7.1;NA
Frango, inteiro, sem pele, cru;129;20.6;0;4.6;NA
Frango, peito, com pele, assado;212;33.4;0;7.6;NA
Frango, peito, com pele, cru;149;20.8;0;6.7;NA
Frango, peito, sem pele, cozido;163;31.5;0;3.2;NA
Frango, peito, sem pele, cru;119;21.5;0;3;NA
Frango, peito, sem pele, grelhado;159;32;0;2.5;NA
Frango, sobrecoxa, com pele, assada;260;28.7;0;15.2;NA
Frango, sobrecoxa, com pele, crua;255;15.5;0;20.9;NA
Frango, sobrecoxa, sem pele, assada;233;29.2;0;12;NA
Frango, sobrecoxa, sem pele, crua;162;17.6;0;9.6;NA
Hambúrguer, bovino, cru;215;13.2;4.2;16.2;NA
Hambúrguer, bovino, frito;258;20;6.3;17;NA
Hambúrguer, bovino, grelhado;210;13.2;11.3;12.4;NA
Lingüiça, frango, crua;218;14.2;0;17.4;NA
Lingüiça, frango, frita;245;18.3;0;18.5;NA
Lingüiça, frango, grelhada;244;18.2;0;18.4;NA
Lingüiça, porco, crua;227;16.1;0;17.6;NA
Lingüiça, porco, frita;280;20.5;0;21.3;NA
Lingüiça, porco, grelhada;296;23.2;0;21.9;NA
Mortadela;269;12;5.8;21.6;NA
Peru, congelado, assado;163;26.2;0;5.7;NA
Peru, congelado, cru;94;18.1;0;1.8;NA
Porco, bisteca, crua;164;21.5;0;8;NA
Porco, bisteca, frita;311;33.7;0;18.5;NA
Porco, bisteca, grelhada;280;28.9;0;17.4;NA
Porco, costela, assada;402;30.2;0;30.3;NA
Porco, costela, crua;256;18;0;19.8;NA
Porco, lombo, assado;210;35.7;0;6.4;NA
Porco, lombo, cru;176;22.6;0;8.8;NA
Porco, orelha, salgada, crua;258;18.5;0;19.9;NA
Porco, pernil, assado;262;32.1;0;13.9;NA
Porco, pernil, cru;186;20.1;0;11.1;NA
Porco, rabo, salgado, cru;377;15.6;0;34.5;NA
Presunto, com capa de gordura;128;14.4;1.4;6.8;NA
Presunto, sem capa de gordura;94;14.3;2.1;2.7;NA
Quibe, assado;136;14.6;12.9;2.7;1.9
Quibe, cru;109;12.4;10.8;1.7;1.6
Quibe, frito;254;14.9;12.3;15.8;NA
Salame;398;25.8;2.9;30.6;NA
Toucinho, cru;593;11.5;0;60.3;NA
Toucinho, frito;697;27.3;0;64.3;NA
Bebida láctea, pêssego;55;2.1;7.6;1.9;0.3
Creme de Leite;221;1.5;4.5;22.5;NA
Iogurte, natural;51;4.1;1.9;3;NA
Iogurte, natural, desnatado;41;3.8;5.8;0.3;NA
Iogurte, sabor abacaxi;NA;NA;NA;NA;NA
Iogurte, sabor morango;70;2.7;9.7;2.3;0.2
Iogurte, sabor pêssego;68;2.5;9.4;2.3;0.7
Leite, condensado;313;7.7;57;6.7;NA
Leite, de cabra;66;3.1;5.2;3.8;NA
Leite, de vaca, achocolatado;83;2.1;14.2;2.2;0.6
Leite, de vaca, desnatado, pó;362;34.7;53;0.9;NA
Leite, de vaca, desnatado, UHT;NA;NA;NA;NA;NA
Leite, de vaca, integral;NA;NA;NA;NA;NA
Leite, de vaca, integral, pó;497;25.4;39.2;26.9;NA
Leite, fermentado;70;1.9;15.7;0.1;NA
Queijo, minas, frescal;264;17.4;3.2;20.2;NA
Queijo, minas, meia cura;321;21.2;3.6;24.6;NA
Queijo, mozarela;330;22.6;3;25.2;NA
Queijo, parmesão;453;35.6;1.7;33.5;NA
Queijo, pasteurizado;303;9.4;5.7;27.4;NA
Queijo, petit suisse, morango;121;5.8;18.5;2.8;NA
Queijo, prato;360;22.7;1.9;29.1;NA
Queijo, requeijão, cremoso;257;9.6;2.4;23.4;NA
Queijo, ricota;140;12.6;3.8;8.1;NA
Bebida isotônica, sabores variados;26;0;6.4;0;NA
Café, infusão 10%;9;0.7;1.5;0.1;NA
Cana, aguardente 1;216;NA;NA;NA;NA
Cana, caldo de;65;1E-05;18.2;1E-05;0.1
Cerveja, pilsen 2;41;0.6;3.3;1E-05;NA
Chá, erva-doce, infusão 5%;1;0;0.4;0;NA
Chá, mate, infusão 5%;3;0;0.6;0.1;NA
Chá, preto, infusão 5%;2;0;0.6;0;NA
Coco, água de;22;0;5.3;0;0.1
Refrigerante, tipo água tônica;31;0;8;0;NA
Refrigerante, tipo cola;34;0;8.7;0;NA
Refrigerante, tipo guaraná;39;0;10;0;NA
Refrigerante, tipo laranja;46;0;11.8;0;NA
Refrigerante, tipo limão;40;0;10.3;0;NA
Omelete, de queijo;268;15.6;0.4;22;NA
Ovo, de codorna, inteiro, cru;177;13.7;0.8;12.7;NA
Ovo, de galinha, clara, cozida/10minutos;59;13.4;0;0.1;NA
Ovo, de galinha, gema, cozida/10minutos;353;15.9;1.6;30.8;NA
Ovo, de galinha, inteiro, cozido/10minutos;146;13.3;0.6;9.5;NA
Ovo, de galinha, inteiro, cru;143;13;1.6;8.9;NA
Ovo, de galinha, inteiro, frito;240;15.6;1.2;18.6;NA
Achocolatado, pó;401;4.2;91.2;2.2;3.9
Açúcar, cristal;387;0.3;99.6;1E-05;NA
Açúcar, mascavo;369;0.8;94.5;0.1;NA
Açúcar, refinado;387;0.3;99.5;1E-05;NA
Chocolate, ao leite;540;7.2;59.6;30.3;2.2
Chocolate, ao leite, com castanha do Pará;559;7.4;55.4;34.2;2.5
Chocolate, ao leite, dietético;557;6.9;56.3;33.8;2.8
Chocolate, meio amargo;475;4.9;62.4;29.9;4.9
Cocada branca;449;1.1;81.4;13.6;3.6
Doce, de abóbora, cremoso;199;0.9;54.6;0.2;2.3
Doce, de leite, cremoso;306;5.5;59.5;6;NA
Geléia, mocotó, natural;106;2.1;24.2;0.1;NA
Glicose de milho;292;0;79.4;0;NA
Maria mole;301;3.8;73.6;0.2;0.7
Maria mole, coco queimado;307;3.9;75.1;0.1;0.6
Marmelada;257;0.4;70.8;0.1;4.1
Mel, de abelha;309;0;84;0;NA
Melado;297;0;76.6;0;NA
Quindim;411;4.7;46.3;24.4;3.2
Rapadura;352;1;90.8;0.1;NA
Café, pó, torrado;419;14.7;65.8;11.9;51.2
Capuccino, pó;417;11.3;73.6;8.6;2.4
Fermento em pó, químico;90;0.5;43.9;0.1;NA
Fermento, biológico, levedura, tablete;90;17;7.7;1.5;4.2
Gelatina, sabores variados, pó;380;8.9;89.2;1E-05;NA
Sal, dietético;NA;NA;NA;NA;NA
Sal, grosso;NA;NA;NA;NA;NA
Shoyu;61;3.3;11.6;0.3;NA
Tempero a base de sal;21;2.7;2.1;0.3;0.6
Azeitona, preta, conserva;194;1.2;5.5;20.3;4.6
Azeitona, verde, conserva;137;0.9;4.1;14.2;3.8
Chantilly, spray, com gordura vegetal;315;0.5;16.9;27.3;NA
Leite, de coco;166;1;2.2;18.4;0.7
Maionese, tradicional com ovos;302;0.6;7.9;30.5;NA
Acarajé;289;8.3;19.1;19.9;9.4
Arroz carreteiro;154;10.8;11.6;7.1;1.5
Baião de dois, arroz e feijão-de-corda;136;6.2;20.4;3.2;5.1
Barreado;165;18.3;0.2;9.5;0.1
Bife à cavalo, com contra filé;291;23.7;0;21.1;NA
Bolinho de arroz;274;8;41.7;8.3;2.7
Camarão à baiana;101;7.9;3.2;6;0.4
Charuto, de repolho;78;6.8;10.1;1.1;1.5
Cuscuz, de milho, cozido com sal;113;2.2;25.3;0.7;2.1
Cuscuz, paulista;142;2.6;22.5;4.6;2.4
Cuxá, molho;80;5.6;5.7;3.6;3
Dobradinha;125;19.8;0;4.4;NA
Estrogonofe de carne;173;15;3;10.8;NA
Estrogonofe de frango;157;17.6;2.6;8;NA
Feijão tropeiro mineiro;152;10.2;19.6;6.8;3.6
Feijoada;117;8.7;11.6;6.5;5.1
Frango, com açafrão;113;9.7;4.1;6.2;0.2
Macarrão, molho bolognesa;120;4.9;22.5;0.9;0.8
Maniçoba;134;10;3.4;8.7;2.2
Quibebe;86;8.6;6.6;2.7;1.7
Salada, de legumes, com maionese;96;1.1;8.9;7;2.2
Salada, de legumes, cozida no vapor;35;2;7.1;0.3;2.5
Salpicão, de frango;148;13.9;4.6;7.8;0.4
Sarapatel;123;18.5;1.1;4.4;NA
Tabule;57;2;10.6;1.2;2.1
Tacacá;47;7;3.4;0.4;0.2
Tapioca, com manteiga;348;0.1;63.6;10.9;1E-05
Tucupi, com pimenta-de-cheiro;27;2.1;4.7;0.3;0.2
Vaca atolada;145;5.1;10.1;9.3;2.3
Vatapá;255;6;9.7;23.2;1.7
Virado à paulista;307;10.2;14.1;25.6;2.2
Yakisoba;113;7.5;18.3;2.6;1.1
Amendoim, grão, cru;544;27.2;20.3;43.9;8
Amendoim, torrado, salgado;606;22.5;18.7;54;7.8
Ervilha, em vagem;88;7.5;14.2;0.5;9.7
Ervilha, enlatada, drenada;74;4.6;13.4;0.4;5.1
Feijão, carioca, cozido;76;4.8;13.6;0.5;8.5
Feijão, carioca, cru;329;20;61.2;1.3;18.4
Feijão, fradinho, cozido;78;5.1;13.5;0.6;7.5
Feijão, fradinho, cru;339;20.2;61.2;2.4;23.6
Feijão, jalo, cozido;93;6.1;16.5;0.5;13.9
Feijão, jalo, cru;328;20.1;61.5;0.9;30.3
Feijão, preto, cozido;77;4.5;14;0.5;8.4
Feijão, preto, cru;324;21.3;58.8;1.2;21.8
Feijão, rajado, cozido;85;5.5;15.3;0.4;9.3
Feijão, rajado, cru;326;17.3;62.9;1.2;24
Feijão, rosinha, cozido;68;4.5;11.8;0.5;4.8
Feijão, rosinha, cru;337;20.9;62.2;1.3;20.6
Feijão, roxo, cozido;77;5.7;12.9;0.5;11.5
Feijão, roxo, cru;331;22.2;60;1.2;33.8
Grão-de-bico, cru;355;21.2;57.9;5.4;12.4
Guandu, cru;344;19;64;2.1;21.3
Lentilha, cozida;93;6.3;16.3;0.5;7.9
Lentilha, crua;339;23.2;62;0.8;16.9
Paçoca, amendoim;487;16;52.4;26.1;7.3
Pé-de-moleque, amendoim;503;13.2;54.7;28;3.4
Soja, farinha;404;36;38.4;14.6;20.2
Soja, extrato solúvel, natural, fluido;39;2.4;4.3;1.6;0.4
Soja, extrato solúvel, pó;459;35.7;28.5;26.2;7.3
Soja, queijo (tofu);64;6.6;2.1;4;0.8
Tremoço, cru;381;33.6;43.8;10.3;32.3
Tremoço, em conserva;121;11.1;12.4;3.8;14.4
Amêndoa, torrada, salgada;581;18.6;29.5;47.3;11.6
Castanha-de-caju, torrada, salgada;570;18.5;29.1;46.3;3.7
Castanha-do-Brasil, crua;643;14.5;15.1;63.5;7.9
Coco, cru;406;3.7;10.4;42;5.4
Coco,  verde, cru;NA;NA;NA;NA;NA
Farinha, de mesocarpo de babaçu, crua;329;1.4;79.2;0.2;17.9
Gergelim, semente;584;21.2;21.6;50.4;11.9
Linhaça, semente;495;14.1;43.3;32.3;33.5
Pinhão, cozido;174;3;43.9;0.7;15.6
Pupunha, cozida;219;2.5;29.6;12.8;4.3
Noz, crua;620;14;18.4;59.4;7.2