Descrição dos alimentos;Energia..kcal.;Proteína..g.;Lipídeos..g.;Carboidrato..g.;Fibra.Alimentar..g.
Arroz, integral, cozido;124;2.6;1;25.8;2.7
Arroz, integral, cru;360;7.3;1.9;77.5;4.8
Arroz, tipo 1, cozido;128;2.5;0.2;28.1;1.6
Arroz, tipo 1, cru;358;7.2;0.3;78.8;1.6
Arroz, tipo 2, cozido;130;2.6;0.4;28.2;1.1
Arroz, tipo 2, cru;358;7.2;0.3;78.9;1.7
Aveia, flocos, crua;394;13.9;8.5;66.6;9.1
Biscoito, doce, maisena;443;8.1;12;75.2;2.1
Biscoito, doce, recheado com chocolate;472;6.4;19.6;70.5;3
Biscoito, doce, recheado com morango;471;5.7;19.6;71;1.5
Biscoito, doce, wafer, recheado de chocolate;502;5.6;24.7;67.5;1.8
Biscoito, doce, wafer, recheado de morango;513;4.5;26.4;67.4;0.8
Biscoito, salgado, cream cracker;432;10.1;14.4;68.7;2.5
Bolo, mistura para;419;6.2;6.1;84.7;1.7
Bolo, pronto, aipim;324;4.4;12.7;47.9;0.7
Bolo, pronto, chocolate;410;6.2;18.5;54.7;1.4
Bolo, pronto, coco;333;5.7;11.3;52.3;1.1
Bolo, pronto, milho;311;4.8;12.4;45.1;0.7
Canjica, branca, crua;358;7.2;1;78.1;5.5
Canjica, com leite integral;112;2.4;1.2;23.6;1.2
Cereais, milho, flocos, com sal;370;7.3;1.6;80.8;5.3
Cereais, milho, flocos, sem sal;363;6.9;1.2;80.4;1.8
Cereais, mingau, milho, infantil;394;6.4;1.1;87.3;3.2
Cereais, mistura para vitamina, trigo, cevada e aveia;381;8.9;2.1;81.6;5
Cereal matinal, milho;365;7.2;1;83.8;4.1
Cereal matinal, milho, açúcar;377;4.7;0.7;88.8;2.1
Creme de arroz, pó;386;7;1.2;83.9;1.1
Creme de milho, pó;333;4.8;1.6;86.1;3.7
Curau, milho verde;78;2.4;1.6;13.9;0.5
Curau, milho verde, mistura para;402;2.2;13.4;79.8;2.5
Farinha, de arroz, enriquecida;363;1.3;0.3;85.5;0.6
Farinha, de centeio, integral;336;12.5;1.8;73.3;15.5
Farinha, de milho, amarela;351;7.2;1.5;79.1;5.5
Farinha, de rosca;371;11.4;1.5;75.8;4.8
Farinha, de trigo;360;9.8;1.4;75.1;2.3
Farinha, láctea, de cereais;415;11.9;5.8;77.8;1.9
Lasanha, massa fresca, cozida;164;5.8;1.2;32.5;1.6
Lasanha, massa fresca, crua;220;7;1.3;45.1;1.6
Macarrão, instantâneo;436;8.8;17.2;62.4;5.6
Macarrão, trigo, cru;371;10;1.3;77.9;2.9
Macarrão, trigo, cru, com ovos;371;10.3;2;76.6;2.3
Milho, amido, cru;361;0.6;1E-05;87.1;0.7
Milho, fubá, cru;353;7.2;1.9;78.9;4.7
Milho, verde, cru;138;6.6;0.6;28.6;3.9
Milho, verde, enlatado, drenado;98;3.2;2.4;17.1;4.6
Mingau tradicional, pó;373;0.6;0.4;89.3;0.9
Pamonha, barra para cozimento, pré-cozida;171;2.6;4.8;30.7;2.4
Pão, aveia, forma;343;12.4;5.7;59.6;6
Pão, de soja;309;11.3;3.6;56.5;5.7
Pão, glúten, forma;253;12;2.7;44.1;2.5
Pão, milho, forma;292;8.3;3.1;56.4;4.3
Pão, trigo, forma, integral;253;9.4;3.7;49.9;6.9
Pão, trigo, francês;300;8;3.1;58.6;2.3
Pão, trigo, sovado;311;8.4;2.8;61.5;2.4
Pastel, de carne, cru;289;10.7;8.8;42;1
Pastel, de carne, frito;388;10.1;20.1;43.8;1
Pastel, de queijo, cru;308;9.9;9.6;45.9;1.1
Pastel, de queijo, frito;422;8.7;22.7;48.1;0.9
Pastel, massa, crua;310;6.9;5.5;57.4;1.4
Pastel, massa, frita;570;6;40.9;49.3;1.3
Pipoca, com óleo de soja, sem sal;448;9.9;15.9;70.3;14.3
Polenta, pré-cozida;103;2.3;0.3;23.3;2.4
Torrada, pão francês;377;10.5;3.3;74.6;3.4
Abóbora, cabotian, cozida;48;1.4;0.7;10.8;2.5
Abóbora, cabotian, crua;39;1.7;0.5;8.4;2.2
Abóbora, menina brasileira, crua;14;0.6;1E-05;3.3;1.2
Abóbora, moranga, crua;12;1;0.1;2.7;1.7
Abóbora, moranga, refogada;29;0.4;0.8;6;1.5
Abóbora, pescoço, crua;24;0.7;0.1;6.1;2.3
Abobrinha, italiana, cozida;15;1.1;0.2;3;1.6
Abobrinha, italiana, crua;19;1.1;0.1;4.3;1.4
Abobrinha, italiana, refogada;24;1.1;0.8;4.2;1.4
Abobrinha, paulista, crua;31;0.6;0.1;7.9;2.6
Acelga, crua;21;1.4;0.1;4.6;1.1
Agrião, cru;17;2.7;0.2;2.3;2.1
Aipo, cru;19;0.8;0.1;4.3;1
Alface, americana, crua;9;0.6;0.1;1.7;1
Alface, crespa, crua;11;1.3;0.2;1.7;1.8
Alface, lisa, crua;14;1.7;0.1;2.4;2.3
Alface, roxa, crua;13;0.9;0.2;2.5;2
Alfavaca, crua;29;2.7;0.5;5.2;4.1
Alho, cru;113;7;0.2;23.9;4.3
Alho-poró, cru;32;1.4;0.1;6.9;2.5
Almeirão, cru;18;1.8;0.2;3.3;2.6
Almeirão, refogado;65;1.7;4.8;5.7;3.4
Batata, baroa, cozida;80;0.9;0.2;18.9;1.8
Batata, baroa, crua;101;1;0.2;24;2.1
Batata, doce, cozida;77;0.6;0.1;18.4;2.2
Batata, doce, crua;118;1.3;0.1;28.2;2.6
Batata, frita, tipo chips, industrializada;543;5.6;36.6;51.2;2.5
Batata, inglesa, cozida;52;1.2;1E-05;11.9;1.3
Batata, inglesa, crua;64;1.8;1E-05;14.7;1.2
Batata, inglesa, frita;267;5;13.1;35.6;8.1
Batata, inglesa, sauté;68;1.3;0.9;14.1;1.4
Berinjela, cozida;19;0.7;0.1;4.5;2.5
Berinjela, crua;20;1.2;0.1;4.4;2.9
Beterraba, cozida;32;1.3;0.1;7.2;1.9
Beterraba, crua;49;1.9;0.1;11.1;3.4
Biscoito, polvilho doce;438;1.3;12.2;80.5;1.2
Brócolis, cozido;25;2.1;0.5;4.4;3.4
Brócolis, cru;25;3.6;0.3;4;2.9
Cará, cozido;78;1.5;0.1;18.9;2.6
Cará, cru;96;2.3;0.1;23;7.3
Caruru, cru;34;3.2;0.6;6;4.5
Catalonha, crua;24;1.9;0.3;4.8;2
Catalonha, refogada;63;2;4.8;4.8;3.7
Cebola, crua;39;1.7;0.1;8.9;2.2
Cebolinha, crua;20;1.9;0.4;3.4;3.6
Cenoura, cozida;30;0.8;0.2;6.7;2.6
Cenoura, crua;34;1.3;0.2;7.7;3.2
Chicória, crua;14;1.1;0.1;2.9;2.2
Chuchu, cozido;19;0.4;1E-05;4.8;1
Chuchu, cru;17;0.7;0.1;4.1;1.3
Coentro, folhas desidratadas;309;20.9;10.4;48;37.3
Couve, manteiga, crua;27;2.9;0.5;4.3;3.1
Couve, manteiga, refogada;90;1.7;6.6;8.7;5.7
Couve-flor, crua;23;1.9;0.2;4.5;2.4
Couve-flor, cozida;19;1.2;0.3;3.9;2.1
Espinafre, Nova Zelândia, cru;16;2;0.2;2.6;2.1
Espinafre, Nova Zelândia, refogado;67;2.7;5.4;4.2;2.5
Farinha, de mandioca, crua;361;1.6;0.3;87.9;6.4
Farinha, de mandioca, torrada;365;1.2;0.3;89.2;6.5
Farinha, de puba;360;1.6;0.5;87.3;4.2
Fécula, de mandioca;331;0.5;0.3;81.1;0.6
Feijão, broto, cru;39;4.2;0.1;7.8;2
Inhame, cru;97;2.1;0.2;23.2;1.7
Jiló, cru;27;1.4;0.2;6.2;4.8
Jurubeba, crua;126;4.4;3.9;23.1;23.9
Mandioca, cozida;125;0.6;0.3;30.1;1.6
Mandioca, crua;151;1.1;0.3;36.2;1.9
Mandioca, farofa, temperada;406;2.1;9.1;80.3;7.8
Mandioca, frita;300;1.4;11.2;50.3;1.9
Manjericão, cru;21;2;0.4;3.6;3.3
Maxixe, cru;14;1.4;0.1;2.7;2.2
Mostarda, folha, crua;18;2.1;0.2;3.2;1.9
Nhoque, batata, cozido;181;5.9;1.9;36.8;1.8
Nabo, cru;18;1.2;0.1;4.1;2.6
Palmito, juçara, em conserva;23;1.8;0.4;4.3;3.2
Palmito, pupunha, em conserva;29;2.5;0.5;5.5;2.6
Pão, de queijo, assado;363;5.1;24.6;34.2;0.6
Pão, de queijo, cru;295;3.6;14;38.5;1
Pepino, cru;10;0.9;1E-05;2;1.1
Pimentão, amarelo, cru;28;1.2;0.4;6;1.9
Pimentão, verde, cru;21;1.1;0.2;4.9;2.6
Pimentão, vermelho, cru;23;1;0.1;5.5;1.6
Polvilho, doce;351;0.4;1E-05;86.8;0.2
Quiabo, cru;30;1.9;0.3;6.4;4.6
Rabanete, cru;14;1.4;0.1;2.7;2.2
Repolho, branco, cru;17;0.9;0.1;3.9;1.9
Repolho, roxo, cru;31;1.9;0.1;7.2;2
Repolho, roxo, refogado;42;1.8;1.2;7.6;1.8
Rúcula, crua;13;1.8;0.1;2.2;1.7
Salsa, crua;33;3.3;0.6;5.7;1.9
Seleta de legumes, enlatada;57;3.4;0.4;12.7;3.1
Serralha, crua;30;2.7;0.7;4.9;3.5
Taioba, crua;34;2.9;0.9;5.4;4.5
Tomate, com semente, cru;15;1.1;0.2;3.1;1.2
Tomate, extrato;61;2.4;0.2;15;2.8
Tomate, molho industrializado;38;1.4;0.9;7.7;3.1
Tomate, purê;28;1.4;1E-05;6.9;1
Tomate, salada;21;0.8;1E-05;5.1;2.3
Vagem, crua;25;1.8;0.2;5.3;2.4
Abacate, cru;96;1.2;8.4;6;6.3
Abacaxi, cru;48;0.9;0.1;12.3;1
Abacaxi, polpa, congelada;31;0.5;0.1;7.8;0.3
Abiu, cru;62;0.8;0.7;14.9;1.7
Açaí, polpa, com xarope de guaraná e glucose;110;0.7;3.7;21.5;1.7
Açaí, polpa, congelada;58;0.8;3.9;6.2;2.6
Acerola, crua;33;0.9;0.2;8;1.5
Acerola, polpa, congelada;22;0.6;1E-05;5.5;0.7
Ameixa, calda, enlatada;183;0.4;1E-05;46.9;0.5
Ameixa, crua;53;0.8;1E-05;13.9;2.4
Ameixa, em calda, enlatada, drenada;177;1;0.3;47.7;4.5
Atemóia, crua;97;1;0.3;25.3;2.1
Banana, da terra, crua;128;1.4;0.2;33.7;1.5
Banana, doce em barra;280;2.2;0.1;75.7;3.8
Banana, figo, crua;105;1.1;0.1;27.8;2.8
Banana, maçã, crua;87;1.8;0.1;22.3;2.6
Banana, nanica, crua;92;1.4;0.1;23.8;1.9
Banana, ouro, crua;112;1.5;0.2;29.3;2
Banana, pacova, crua;78;1.2;0.1;20.3;2
Banana, prata, crua;98;1.3;0.1;26;2
Cacau, cru;74;1;0.1;19.4;2.2
Cajá-Manga, cru;46;1.3;1E-05;11.4;2.6
Cajá, polpa, congelada;26;0.6;0.2;6.4;1.4
Caju, cru;43;1;0.3;10.3;1.7
Caju, polpa, congelada;37;0.5;0.2;9.4;0.8
Caju, suco concentrado, envasado;45;0.4;0.2;10.7;0.6
Caqui, chocolate, cru;71;0.4;0.1;19.3;6.5
Carambola, crua;46;0.9;0.2;11.5;2
Ciriguela, crua;76;1.4;0.4;18.9;3.9
Cupuaçu, cru;49;1.2;1;10.4;3.1
Cupuaçu, polpa, congelada;49;0.8;0.6;11.4;1.6
Figo, cru;41;1;0.2;10.2;1.8
Figo, enlatado, em calda;184;0.6;0.2;50.3;2
Fruta-pão, crua;67;1.1;0.2;17.2;5.5
Goiaba, branca, com casca, crua;52;0.9;0.5;12.4;6.3
Goiaba, doce em pasta;269;0.6;0;74.1;3.7
Goiaba, doce, cascão;286;0.4;0.1;78.7;4.4
Goiaba, vermelha, com casca, crua;54;1.1;0.4;13;6.2
Graviola, crua;62;0.8;0.2;15.8;1.9
Graviola, polpa, congelada;38;0.6;0.1;9.8;1.2
Jabuticaba, crua;58;0.6;0.1;15.3;2.3
Jaca, crua;88;1.4;0.3;22.5;2.4
Jambo, cru;27;0.9;0.1;6.5;5.1
Jamelão, cru;41;0.5;0.1;10.6;1.8
Kiwi, cru;51;1.3;0.6;11.5;2.7
Laranja, baía, crua;45;1;0.1;11.5;1.1
Laranja, baía, suco;37;0.7;1E-05;8.7;1E-05
Laranja, da terra, crua;51;1.1;0.2;12.9;4
Laranja, da terra, suco;41;0.7;0.1;9.6;1
Laranja, lima, crua;46;1.1;0.1;11.5;1.8
Laranja, lima, suco;39;0.7;0.1;9.2;0.4
Laranja, pêra, crua;37;1;0.1;8.9;0.8
Laranja, pêra, suco;33;0.7;0.1;7.6;1E-05
Laranja, valência, crua;46;0.8;0.2;11.7;1.7
Laranja, valência, suco;36;0.5;0.1;8.6;0.4
Limão, cravo, suco;14;0.3;1E-05;5.2;1E-05
Limão, galego, suco;22;0.6;0.1;7.3;1E-05
Limão, tahiti, cru;32;0.9;0.1;11.1;1.2
Maçã, Argentina, com casca, crua;63;0.2;0.2;16.6;2
Maçã, Fuji, com casca, crua;56;0.3;1E-05;15.2;1.3
Macaúba, crua;404;2.1;40.7;13.9;13.4
Mamão, doce em calda, drenado;196;0.2;0.1;54;1.3
Mamão, Formosa, cru;45;0.8;0.1;11.6;1.8
Mamão, Papaia, cru;40;0.5;0.1;10.4;1
Mamão verde, doce em calda, drenado;209;0.3;0.1;57.6;1.2
Manga, Haden, crua;64;0.4;0.3;16.7;1.6
Manga, Palmer, crua;72;0.4;0.2;19.4;1.6
Manga, polpa, congelada;48;0.4;0.2;12.5;1.1
Manga, Tommy Atkins, crua;51;0.9;0.2;12.8;2.1
Maracujá, cru;68;2;2.1;12.3;1.1
Maracujá, polpa, congelada;39;0.8;0.2;9.6;0.5
Maracujá, suco concentrado, envasado;42;0.8;0.2;9.6;0.4
Melancia, crua;33;0.9;1E-05;8.1;0.1
Melão, cru;29;0.7;1E-05;7.5;0.3
Mexerica, Murcote, crua;58;0.9;0.1;14.9;3.1
Mexerica, Rio, crua;37;0.7;0.1;9.3;2.7
Morango, cru;30;0.9;0.3;6.8;1.7
Nêspera, crua;43;0.3;1E-05;11.5;3
Pequi, cru;205;2.3;18;13;19
Pêra, Park, crua;61;0.2;0.2;16.1;3
Pêra, Williams, crua;53;0.6;0.1;14;3
Pêssego, Aurora, cru;36;0.8;1E-05;9.3;1.4
Pêssego, enlatado, em calda;63;0.7;1E-05;16.9;1
Pinha, crua;88;1.5;0.3;22.4;3.4
Pitanga, crua;41;0.9;0.2;10.2;3.2
Pitanga, polpa, congelada;19;0.3;0.1;4.8;0.7
Romã, crua;56;0.4;1E-05;15.1;0.4
Tamarindo, cru;276;3.2;0.5;72.5;6.4
Tangerina, Poncã, crua;38;0.8;0.1;9.6;0.9
Tangerina, Poncã, suco;36;0.5;1E-05;8.8;1E-05
Tucumã, cru;262;2.1;19.1;26.5;12.7
Umbu, cru;37;0.8;1E-05;9.4;2
Umbu, polpa, congelada;34;0.5;0.1;8.8;1.3
Uva, Itália, crua;53;0.7;0.2;13.6;0.9
Uva, Rubi, crua;49;0.6;0.2;12.7;0.9
Uva, suco concentrado, envasado;58;1E-05;1E-05;14.7;0.2
Azeite, de dendê;884;NA;100;NA;NA
Azeite, de oliva, extra virgem;884;NA;100;NA;NA
Manteiga, com sal;726;0.4;82.4;0.1;NA
Manteiga, sem sal;758;0.4;86;0;NA
Margarina, com óleo hidrogenado, com sal (65% de lipídeos);596;1E-05;67.4;0;NA
Margarina, com óleo hidrogenado, sem sal (80% de lipídeos);723;1E-05;81.7;0;NA
Margarina, com óleo interesterificado, com sal (65%de lipídeos);594;1E-05;67.2;0;NA
Margarina, com óleo interesterificado, sem sal (65% de lipídeos);593;1E-05;67.1;0;NA
Óleo, de babaçu;884;NA;100;NA;NA
Óleo, de canola;884;NA;100;NA;NA
Óleo, de girassol;884;NA;100;NA;NA
Óleo, de milho;884;NA;100;NA;NA
Óleo, de pequi;884;NA;100;NA;NA
Óleo, de soja;884;NA;100;NA;NA
Abadejo, filé, congelado, assado;112;23.5;1.2;0;NA
Abadejo, filé, congelado,cozido;91;19.3;0.9;0;NA
Abadejo, filé, congelado, cru;59;13.1;0.4;0;NA
Abadejo, filé, congelado, grelhado;130;27.6;1.3;0;NA
Atum, conserva em óleo;166;26.2;6;0;NA
Atum, fresco, cru;118;25.7;0.9;0;NA
Bacalhau, salgado, cru;136;29;1.3;0;NA
Bacalhau, salgado, refogado;140;24;3.6;1.2;NA
Cação, posta, com farinha de trigo, frita;208;25;10;3.1;0.5
Cação, posta, cozida;116;25.6;0.7;0;NA
Cação, posta, crua;83;17.9;0.8;0;NA
Camarão, Rio Grande, grande, cozido;90;19;1;0;NA
Camarão, Rio Grande, grande, cru;47;10;0.5;0;NA
Camarão, Sete Barbas, sem cabeça, com casca, frito;231;18.4;15.6;2.9;NA
Caranguejo, cozido;83;18.5;0.4;0;NA
Corimba, cru;128;17.4;6;0;NA
Corimbatá, assado;261;19.9;19.6;0;NA
Corimbatá, cozido;239;20.1;16.9;0;NA
Corvina de água doce, crua;101;18.9;2.2;0;NA
Corvina do mar, crua;94;18.6;1.6;0;NA
Corvina grande, assada;147;26.8;3.6;0;NA
Corvina grande, cozida;100;23.4;2.6;0;NA
Dourada de água doce, fresca;131;18.8;5.6;0;NA
Lambari, congelado, cru;131;16.8;6.5;0;NA
Lambari, congelado, frito;327;28.4;22.8;0;NA
Lambari, fresco, cru;152;15.7;9.4;0;NA
Manjuba, com farinha de trigo, frita;344;23.5;22.6;10.2;0.4
Manjuba, frita;349;30.1;24.5;0;NA
Merluza, filé, assado;122;26.6;0.9;0;NA
Merluza, filé, cru;89;16.6;2;0;NA
Merluza, filé, frito;192;26.9;8.5;0;NA
Pescada, branca, crua;111;16.3;4.6;0;NA
Pescada, branca, frita;223;27.4;11.8;0;NA
Pescada, filé, com farinha de trigo, frito;283;21.4;19.1;5;1E-05
Pescada, filé, cru;107;16.7;4;0;NA
Pescada, filé, frito;154;28.6;3.6;0;NA
Pescada, filé, molho escabeche;142;11.8;8;5;0.8
Pescadinha, crua;76;15.5;1.1;0;NA
Pintado, assado;192;36.5;4;0;NA
Pintado, cru;91;18.6;1.3;0;NA
Pintado, grelhado;152;30.8;2.3;0;NA
Porquinho, cru;93;20.5;0.6;0;NA
Salmão, filé, com pele, fresco,  grelhado;229;23.9;14;0;NA
Salmão, sem pele, fresco, cru;170;19.3;9.7;0;NA
Salmão, sem pele, fresco, grelhado;243;26.1;14.5;0;NA
Sardinha, assada;164;32.2;3;0;NA
Sardinha, conserva em óleo;285;15.9;24;0;NA
Sardinha, frita;257;33.4;12.7;0;NA
Sardinha, inteira, crua;114;21.1;2.7;0;NA
Tucunaré, filé, congelado, cru;88;18;1.2;0;NA
Apresuntado;129;13.5;6.7;2.9;NA
Caldo de carne, tablete;241;7.8;16.6;15.1;0.6
Caldo de galinha, tablete;251;6.3;20.4;10.6;11.8
Carne, bovina, acém, moído, cozido;212;26.7;10.9;0;NA
Carne, bovina, acém, moído, cru;137;19.4;5.9;0;NA
Carne, bovina, acém, sem gordura, cozido;215;27.3;10.9;0;NA
Carne, bovina, acém, sem gordura, cru;144;20.8;6.1;0;NA
Carne, bovina, almôndegas, cruas;189;12.3;11.2;9.8;NA
Carne, bovina, almôndegas, fritas;272;18.2;15.8;14.3;NA
Carne, bovina, bucho, cozido;133;21.6;4.5;0;NA
Carne, bovina, bucho, cru;137;20.5;5.5;0;NA
Carne, bovina, capa de contra-filé, com gordura, crua;217;19.2;15;0;NA
Carne, bovina, capa de contra-filé, com gordura, grelhada;312;30.7;20;0;NA
Carne, bovina, capa de contra-filé, sem gordura, crua;131;21.5;4.3;0;NA
Carne, bovina, capa de contra-filé, sem gordura, grelhada;239;35.1;10;0;NA
Carne, bovina, charque, cozido;263;36.4;11.9;0;NA
Carne, bovina, charque, cru;249;22.7;16.8;0;NA
Carne, bovina, contra-filé, à milanesa;352;20.6;24;12.2;0.4
Carne, bovina, contra-filé de costela, cru;202;19.8;13.1;0;NA
Carne, bovina, contra-filé de costela, grelhado;275;29.9;16.3;0;NA
Carne, bovina, contra-filé, com gordura, cru;206;21.2;12.8;0;NA
Carne, bovina, contra-filé, com gordura, grelhado;278;32.4;15.5;0;NA
Carne, bovina, contra-filé, sem gordura, cru;157;24;6;0;NA
Carne, bovina, contra-filé, sem gordura, grelhado;194;35.9;4.5;0;NA
Carne, bovina, costela, assada;373;28.8;27.7;0;NA
Carne, bovina, costela, crua;358;16.7;31.8;0;NA
Carne, bovina, coxão duro, sem gordura, cozido;217;31.9;8.9;0;NA
Carne, bovina, coxão duro, sem gordura, cru;148;21.5;6.2;0;NA
Carne, bovina, coxão mole, sem gordura, cozido;219;32.4;8.9;0;NA
Carne, bovina, coxão mole, sem gordura, cru;169;21.2;8.7;0;NA
Carne, bovina, cupim, assado;330;28.6;23;0;NA
Carne, bovina, cupim, cru;221;19.5;15.3;0;NA
Carne, bovina, fígado, cru;141;20.7;5.4;1.1;NA
Carne, bovina, fígado, grelhado;225;29.9;9;4.2;NA
Carne, bovina, filé mingnon, sem gordura, cru;143;21.6;5.6;0;NA
Carne, bovina, filé mingnon, sem gordura, grelhado;220;32.8;8.8;0;NA
Carne, bovina, flanco, sem gordura, cozido;196;29.4;7.8;0;NA
Carne, bovina, flanco, sem gordura, cru;141;20;6.2;0;NA
Carne, bovina, fraldinha, com gordura, cozida;338;24.2;26;0;NA
Carne, bovina, fraldinha, com gordura, crua;221;17.6;16.1;0;NA
Carne, bovina, lagarto, cozido;222;32.9;9.1;0;NA
Carne, bovina, lagarto, cru;135;20.5;5.2;0;NA
Carne, bovina, língua, cozida;315;21.4;24.8;0;NA
Carne, bovina, língua, crua;215;17.1;15.8;0;NA
Carne, bovina, maminha, crua;153;20.9;7;0;NA
Carne, bovina, maminha, grelhada;153;30.7;2.4;0;NA
Carne, bovina, miolo de alcatra, sem gordura, cru;163;21.6;7.8;0;NA
Carne, bovina, miolo de alcatra, sem gordura, grelhado;241;31.9;11.6;0;NA
Carne, bovina, músculo, sem gordura, cozido;194;31.2;6.7;0;NA
Carne, bovina, músculo, sem gordura, cru;142;21.6;5.5;0;NA
Carne, bovina, paleta, com gordura, crua;159;21.4;7.5;0;NA
Carne, bovina, paleta, sem gordura, cozida;194;29.7;7.4;0;NA
Carne, bovina, paleta, sem gordura, crua;141;21;5.7;0;NA
Carne, bovina, patinho, sem gordura, cru;133;21.7;4.5;0;NA
Carne, bovina, patinho, sem gordura, grelhado;219;35.9;7.3;0;NA
Carne, bovina, peito, sem gordura, cozido;338;22.2;27;0;NA
Carne, bovina, peito, sem gordura, cru;259;17.6;20.4;0;NA
Carne, bovina, picanha, com gordura, crua;213;18.8;14.7;0;NA
Carne, bovina, picanha, com gordura, grelhada;289;26.4;19.5;0;NA
Carne, bovina, picanha, sem gordura, crua;134;21.3;4.7;0;NA
Carne, bovina, picanha, sem gordura, grelhada;238;31.9;11.3;0;NA
Carne, bovina, seca, cozida;313;26.9;21.9;0;NA
Carne, bovina, seca, crua;313;19.7;25.4;0;NA
Coxinha de frango, frita;283;9.6;11.8;34.5;5
Croquete, de carne, cru;246;12;15.6;13.9;NA
Croquete, de carne, frito;347;16.9;22.7;18.1;NA
Empada de frango, pré-cozida, assada;358;6.9;15.6;47.5;2.2
Empada, de frango, pré-cozida;377;7.3;22.9;35.5;2.2
Frango, asa, com pele, crua;213;18.1;15.1;0;NA
Frango, caipira, inteiro, com pele, cozido;243;23.9;15.6;0;NA
Frango, caipira, inteiro, sem pele, cozido;196;29.6;7.7;0;NA
Frango, coração, cru;222;12.6;18.6;0;NA
Frango, coração, grelhado;207;22.4;12.1;0.6;NA
Frango, coxa, com pele, assada;215;28.5;10.4;0.1;NA
Frango, coxa, com pele, crua;161;17.1;9.8;0;NA
Frango, coxa, sem pele, cozida;167;26.9;5.8;0;NA
Frango, coxa, sem pele, crua;120;17.8;4.9;0;NA
Frango, fígado, cru;106;17.6;3.5;0;NA
Frango, filé, à milanesa;221;28.5;7.8;7.5;1.1
Frango, inteiro, com pele, cru;226;16.4;17.3;0;NA
Frango, inteiro, sem pele, assado;187;28;7.5;0;NA
Frango, inteiro, sem pele, cozido;170;25;7.1;0;NA
Frango, inteiro, sem pele, cru;129;20.6;4.6;0;NA
Frango, peito, com pele, assado;212;33.4;7.6;0;NA
Frango, peito, com pele, cru;149;20.8;6.7;0;NA
Frango, peito, sem pele, cozido;163;31.5;3.2;0;NA
Frango, peito, sem pele, cru;119;21.5;3;0;NA
Frango, peito, sem pele, grelhado;159;32;2.5;0;NA
Frango, sobrecoxa, com pele, assada;260;28.7;15.2;0;NA
Frango, sobrecoxa, com pele, crua;255;15.5;20.9;0;NA
Frango, sobrecoxa, sem pele, assada;233;29.2;12;0;NA
Frango, sobrecoxa, sem pele, crua;162;17.6;9.6;0;NA
Hambúrguer, bovino, cru;215;13.2;16.2;4.2;NA
Hambúrguer, bovino, frito;258;20;17;6.3;NA
Hambúrguer, bovino, grelhado;210;13.2;12.4;11.3;NA
Lingüiça, frango, crua;218;14.2;17.4;0;NA
Lingüiça, frango, frita;245;18.3;18.5;0;NA
Lingüiça, frango, grelhada;244;18.2;18.4;0;NA
Lingüiça, porco, crua;227;16.1;17.6;0;NA
Lingüiça, porco, frita;280;20.5;21.3;0;NA
Lingüiça, porco, grelhada;296;23.2;21.9;0;NA
Mortadela;269;12;21.6;5.8;NA
Peru, congelado, assado;163;26.2;5.7;0;NA
Peru, congelado, cru;94;18.1;1.8;0;NA
Porco, bisteca, crua;164;21.5;8;0;NA
Porco, bisteca, frita;311;33.7;18.5;0;NA
Porco, bisteca, grelhada;280;28.9;17.4;0;NA
Porco, costela, assada;402;30.2;30.3;0;NA
Porco, costela, crua;256;18;19.8;0;NA
Porco, lombo, assado;210;35.7;6.4;0;NA
Porco, lombo, cru;176;22.6;8.8;0;NA
Porco, orelha, salgada, crua;258;18.5;19.9;0;NA
Porco, pernil, assado;262;32.1;13.9;0;NA
Porco, pernil, cru;186;20.1;11.1;0;NA
Porco, rabo, salgado, cru;377;15.6;34.5;0;NA
Presunto, com capa de gordura;128;14.4;6.8;1.4;NA
Presunto, sem capa de gordura;94;14.3;2.7;2.1;NA
Quibe, assado;136;14.6;2.7;12.9;1.9
Quibe, cru;109;12.4;1.7;10.8;1.6
Quibe, frito;254;14.9;15.8;12.3;NA
Salame;398;25.8;30.6;2.9;NA
Toucinho, cru;593;11.5;60.3;0;NA
Toucinho, frito;697;27.3;64.3;0;NA
Bebida láctea, pêssego;55;2.1;1.9;7.6;0.3
Creme de Leite;221;1.5;22.5;4.5;NA
Iogurte, natural;51;4.1;3;1.9;NA
Iogurte, natural, desnatado;41;3.8;0.3;5.8;NA
Iogurte, sabor abacaxi;NA;NA;NA;NA;NA
Iogurte, sabor morango;70;2.7;2.3;9.7;0.2
Iogurte, sabor pêssego;68;2.5;2.3;9.4;0.7
Leite, condensado;313;7.7;6.7;57;NA
Leite, de cabra;66;3.1;3.8;5.2;NA
Leite, de vaca, achocolatado;83;2.1;2.2;14.2;0.6
Leite, de vaca, desnatado, pó;362;34.7;0.9;53;NA
Leite, de vaca, desnatado, UHT;NA;NA;NA;NA;NA
Leite, de vaca, integral;NA;NA;NA;NA;NA
Leite, de vaca, integral, pó;497;25.4;26.9;39.2;NA
Leite, fermentado;70;1.9;0.1;15.7;NA
Queijo, minas, frescal;264;17.4;20.2;3.2;NA
Queijo, minas, meia cura;321;21.2;24.6;3.6;NA
Queijo, mozarela;330;22.6;25.2;3;NA
Queijo, parmesão;453;35.6;33.5;1.7;NA
Queijo, pasteurizado;303;9.4;27.4;5.7;NA
Queijo, petit suisse, morango;121;5.8;2.8;18.5;NA
Queijo, prato;360;22.7;29.1;1.9;NA
Queijo, requeijão, cremoso;257;9.6;23.4;2.4;NA
Queijo, ricota;140;12.6;8.1;3.8;NA
Bebida isotônica, sabores variados;26;0;0;6.4;NA
Café, infusão 10%;9;0.7;0.1;1.5;NA
Cana, aguardente 1;216;NA;NA;NA;NA
Cana, caldo de;65;1E-05;1E-05;18.2;0.1
Cerveja, pilsen 2;41;0.6;1E-05;3.3;NA
Chá, erva-doce, infusão 5%;1;0;0;0.4;NA
Chá, mate, infusão 5%;3;0;0.1;0.6;NA
Chá, preto, infusão 5%;2;0;0;0.6;NA
Coco, água de;22;0;0;5.3;0.1
Refrigerante, tipo água tônica;31;0;0;8;NA
Refrigerante, tipo cola;34;0;0;8.7;NA
Refrigerante, tipo guaraná;39;0;0;10;NA
Refrigerante, tipo laranja;46;0;0;11.8;NA
Refrigerante, tipo limão;40;0;0;10.3;NA
Omelete, de queijo;268;15.6;22;0.4;NA
Ovo, de codorna, inteiro, cru;177;13.7;12.7;0.8;NA
Ovo, de galinha, clara, cozida/10minutos;59;13.4;0.1;0;NA
Ovo, de galinha, gema, cozida/10minutos;353;15.9;30.8;1.6;NA
Ovo, de galinha, inteiro, cozido/10minutos;146;13.3;9.5;0.6;NA
Ovo, de galinha, inteiro, cru;143;13;8.9;1.6;NA
Ovo, de galinha, inteiro, frito;240;15.6;18.6;1.2;NA
Achocolatado, pó;401;4.2;2.2;91.2;3.9
Açúcar, cristal;387;0.3;1E-05;99.6;NA
Açúcar, mascavo;369;0.8;0.1;94.5;NA
Açúcar, refinado;387;0.3;1E-05;99.5;NA
Chocolate, ao leite;540;7.2;30.3;59.6;2.2
Chocolate, ao leite, com castanha do Pará;559;7.4;34.2;55.4;2.5
Chocolate, ao leite, dietético;557;6.9;33.8;56.3;2.8
Chocolate, meio amargo;475;4.9;29.9;62.4;4.9
Cocada branca;449;1.1;13.6;81.4;3.6
Doce, de abóbora, cremoso;199;0.9;0.2;54.6;2.3
Doce, de leite, cremoso;306;5.5;6;59.5;NA
Geléia, mocotó, natural;106;2.1;0.1;24.2;NA
Glicose de milho;292;0;0;79.4;NA
Maria mole;301;3.8;0.2;73.6;0.7
Maria mole, coco queimado;307;3.9;0.1;75.1;0.6
Marmelada;257;0.4;0.1;70.8;4.1
Mel, de abelha;309;0;0;84;NA
Melado;297;0;0;76.6;NA
Quindim;411;4.7;24.4;46.3;3.2
Rapadura;352;1;0.1;90.8;NA
Café, pó, torrado;419;14.7;11.9;65.8;51.2
Capuccino, pó;417;11.3;8.6;73.6;2.4
Fermento em pó, químico;90;0.5;0.1;43.9;NA
Fermento, biológico, levedura, tablete;90;17;1.5;7.7;4.2
Gelatina, sabores variados, pó;380;8.9;1E-05;89.2;NA
Sal, dietético;NA;NA;NA;NA;NA
Sal, grosso;NA;NA;NA;NA;NA
Shoyu;61;3.3;0.3;11.6;NA
Tempero a base de sal;21;2.7;0.3;2.1;0.6
Azeitona, preta, conserva;194;1.2;20.3;5.5;4.6
Azeitona, verde, conserva;137;0.9;14.2;4.1;3.8
Chantilly, spray, com gordura vegetal;315;0.5;27.3;16.9;NA
Leite, de coco;166;1;18.4;2.2;0.7
Maionese, tradicional com ovos;302;0.6;30.5;7.9;NA
Acarajé;289;8.3;19.9;19.1;9.4
Arroz carreteiro;154;10.8;7.1;11.6;1.5
Baião de dois, arroz e feijão-de-corda;136;6.2;3.2;20.4;5.1
Barreado;165;18.3;9.5;0.2;0.1
Bife à cavalo, com contra filé;291;23.7;21.1;0;NA
Bolinho de arroz;274;8;8.3;41.7;2.7
Camarão à baiana;101;7.9;6;3.2;0.4
Charuto, de repolho;78;6.8;1.1;10.1;1.5
Cuscuz, de milho, cozido com sal;113;2.2;0.7;25.3;2.1
Cuscuz, paulista;142;2.6;4.6;22.5;2.4
Cuxá, molho;80;5.6;3.6;5.7;3
Dobradinha;125;19.8;4.4;0;NA
Estrogonofe de carne;173;15;10.8;3;NA
Estrogonofe de frango;157;17.6;8;2.6;NA
Feijão tropeiro mineiro;152;10.2;6.8;19.6;3.6
Feijoada;117;8.7;6.5;11.6;5.1
Frango, com açafrão;113;9.7;6.2;4.1;0.2
Macarrão, molho bolognesa;120;4.9;0.9;22.5;0.8
Maniçoba;134;10;8.7;3.4;2.2
Quibebe;86;8.6;2.7;6.6;1.7
Salada, de legumes, com maionese;96;1.1;7;8.9;2.2
Salada, de legumes, cozida no vapor;35;2;0.3;7.1;2.5
Salpicão, de frango;148;13.9;7.8;4.6;0.4
Sarapatel;123;18.5;4.4;1.1;NA
Tabule;57;2;1.2;10.6;2.1
Tacacá;47;7;0.4;3.4;0.2
Tapioca, com manteiga;348;0.1;10.9;63.6;1E-05
Tucupi, com pimenta-de-cheiro;27;2.1;0.3;4.7;0.2
Vaca atolada;145;5.1;9.3;10.1;2.3
Vatapá;255;6;23.2;9.7;1.7
Virado à paulista;307;10.2;25.6;14.1;2.2
Yakisoba;113;7.5;2.6;18.3;1.1
Amendoim, grão, cru;544;27.2;43.9;20.3;8
Amendoim, torrado, salgado;606;22.5;54;18.7;7.8
Ervilha, em vagem;88;7.5;0.5;14.2;9.7
Ervilha, enlatada, drenada;74;4.6;0.4;13.4;5.1
Feijão, carioca, cozido;76;4.8;0.5;13.6;8.5
Feijão, carioca, cru;329;20;1.3;61.2;18.4
Feijão, fradinho, cozido;78;5.1;0.6;13.5;7.5
Feijão, fradinho, cru;339;20.2;2.4;61.2;23.6
Feijão, jalo, cozido;93;6.1;0.5;16.5;13.9
Feijão, jalo, cru;328;20.1;0.9;61.5;30.3
Feijão, preto, cozido;77;4.5;0.5;14;8.4
Feijão, preto, cru;324;21.3;1.2;58.8;21.8
Feijão, rajado, cozido;85;5.5;0.4;15.3;9.3
Feijão, rajado, cru;326;17.3;1.2;62.9;24
Feijão, rosinha, cozido;68;4.5;0.5;11.8;4.8
Feijão, rosinha, cru;337;20.9;1.3;62.2;20.6
Feijão, roxo, cozido;77;5.7;0.5;12.9;11.5
Feijão, roxo, cru;331;22.2;1.2;60;33.8
Grão-de-bico, cru;355;21.2;5.4;57.9;12.4
Guandu, cru;344;19;2.1;64;21.3
Lentilha, cozida;93;6.3;0.5;16.3;7.9
Lentilha, crua;339;23.2;0.8;62;16.9
Paçoca, amendoim;487;16;26.1;52.4;7.3
Pé-de-moleque, amendoim;503;13.2;28;54.7;3.4
Soja, farinha;404;36;14.6;38.4;20.2
Soja, extrato solúvel, natural, fluido;39;2.4;1.6;4.3;0.4
Soja, extrato solúvel, pó;459;35.7;26.2;28.5;7.3
Soja, queijo (tofu);64;6.6;4;2.1;0.8
Tremoço, cru;381;33.6;10.3;43.8;32.3
Tremoço, em conserva;121;11.1;3.8;12.4;14.4
Amêndoa, torrada, salgada;581;18.6;47.3;29.5;11.6
Castanha-de-caju, torrada, salgada;570;18.5;46.3;29.1;3.7
Castanha-do-Brasil, crua;643;14.5;63.5;15.1;7.9
Coco, cru;406;3.7;42;10.4;5.4
Coco,  verde, cru;NA;NA;NA;NA;NA
Farinha, de mesocarpo de babaçu, crua;329;1.4;0.2;79.2;17.9
Gergelim, semente;584;21.2;50.4;21.6;11.9
Linhaça, semente;495;14.1;32.3;43.3;33.5
Pinhão, cozido;174;3;0.7;43.9;15.6
Pupunha, cozida;219;2.5;12.8;29.6;4.3
Noz, crua;620;14;59.4;18.4;7.2